{"train/loss": 1.4855, "train/grad_norm": 0.7405956387519836, "train/learning_rate": 0.0, "train/epoch": 0.8247422680412371, "train/global_step": 100, "_timestamp": 1727716108.7962701, "_runtime": 1419.8197040557861, "_step": 100, "train_runtime": 1421.2591, "train_samples_per_second": 2.252, "train_steps_per_second": 0.07, "total_flos": 2.59041716600832e+16, "train_loss": 1.6177929484844207}