{"train/loss": 0.0, "train/grad_norm": NaN, "train/learning_rate": 4e-05, "train/epoch": 0.002061855670103093, "train/global_step": 1, "_timestamp": 1727706219.6473029, "_runtime": 28.059014797210693, "_step": 0}