{"train/loss": 0.0, "train/grad_norm": NaN, "train/learning_rate": 8e-05, "train/epoch": 0.004123711340206186, "train/global_step": 2, "_timestamp": 1727710263.8375082, "_runtime": 38.11559510231018, "_step": 1}