{"train/loss": 1.4961, "train/grad_norm": 0.7547553777694702, "train/learning_rate": 0.0, "train/epoch": 0.8247422680412371, "train/global_step": 100, "_timestamp": 1727865970.7497325, "_runtime": 2715.34006857872, "_step": 100, "train_runtime": 2716.7826, "train_samples_per_second": 1.178, "train_steps_per_second": 0.037, "total_flos": 2.58413577633792e+16, "train_loss": 1.636823492050171}