{"train/loss": 1.5413, "train/grad_norm": 1.7265625, "train/learning_rate": 0.0, "train/epoch": 0.41237113402061853, "train/global_step": 100, "_timestamp": 1727722094.033974, "_runtime": 334.2749500274658, "_step": 100, "train_runtime": 335.7046, "train_samples_per_second": 4.766, "train_steps_per_second": 0.298, "total_flos": 1.28500132478976e+16, "train_loss": 1.828919928073883}