{"train/loss": 1.5856, "train/grad_norm": 0.6414462327957153, "train/learning_rate": 0.0, "train/epoch": 0.8247422680412371, "train/global_step": 100, "_timestamp": 1727879772.0551584, "_runtime": 1289.8008222579956, "_step": 100, "train_runtime": 1291.2333, "train_samples_per_second": 2.478, "train_steps_per_second": 0.077, "total_flos": 2.57471369183232e+16, "train_loss": 1.733324066400528}