{"train/loss": 1.6286, "train/grad_norm": 1.90625, "train/learning_rate": 0.0, "train/epoch": 1.2558869701726845, "train/global_step": 100, "_timestamp": 1727878725.8592062, "_runtime": 400.54331612586975, "_step": 99}