{"train/loss": 1.4691, "train/grad_norm": 0.7730309367179871, "train/learning_rate": 6.88888888888889e-05, "train/epoch": 0.5690721649484536, "train/global_step": 69, "_timestamp": 1727714566.8511598, "_runtime": 1089.5396358966827, "_step": 68}