{"train/loss": 1.964, "train/grad_norm": 4.375, "train/learning_rate": 0.0, "train/epoch": 0.12371134020618557, "train/global_step": 60, "_timestamp": 1727721402.0902429, "_runtime": 171.71342778205872, "_step": 59}