{"train/loss": 0.0, "train/grad_norm": NaN, "train/learning_rate": 0.00016, "train/epoch": 0.008247422680412371, "train/global_step": 4, "_timestamp": 1727706320.1151273, "_runtime": 64.27754521369934, "_step": 3}