{"train/loss": 1.6315, "train/grad_norm": 0.6314067244529724, "train/learning_rate": 0.0, "train/epoch": 0.41237113402061853, "train/global_step": 50, "_timestamp": 1727871083.2532735, "_runtime": 794.3587744235992, "_step": 50, "train_runtime": 796.1955, "train_samples_per_second": 2.01, "train_steps_per_second": 0.063, "total_flos": 1.28735684591616e+16, "train_loss": 1.9348401641845703}