{"train/loss": 1.4537, "train/grad_norm": 1.5315357446670532, "train/learning_rate": 0.0, "train/epoch": 0.12371134020618557, "train/global_step": 60, "_timestamp": 1727711658.9362357, "_runtime": 575.499178647995, "_step": 60, "train_runtime": 576.9641, "train_samples_per_second": 0.832, "train_steps_per_second": 0.104, "total_flos": 3885625749012480.0, "train_loss": 1.7986367126305898}