{"train/loss": 12.4529, "train/grad_norm": 0.0, "train/learning_rate": 0.0002, "train/epoch": 0.010309278350515464, "train/global_step": 5, "_timestamp": 1727710006.2077725, "_runtime": 76.3899474143982, "_step": 4}