{"train/loss": 1.6225, "train/grad_norm": 1.7734375, "train/learning_rate": 0.0, "train/epoch": 0.20618556701030927, "train/global_step": 50, "_timestamp": 1727876244.1071184, "_runtime": 215.07995343208313, "_step": 50, "train_runtime": 216.5461, "train_samples_per_second": 3.694, "train_steps_per_second": 0.231, "total_flos": 6425006623948800.0, "train_loss": 1.9683817887306214}